{
  "hash": "4bec0b7d",
  "configHash": "fcb01d8b",
  "lockfileHash": "737d70f0",
  "browserHash": "4a7df559",
  "optimized": {
    "@angular/common": {
      "src": "../../../../../../node_modules/@angular/common/fesm2022/common.mjs",
      "file": "@angular_common.js",
      "fileHash": "48ccf904",
      "needsInterop": false
    },
    "@angular/common/http": {
      "src": "../../../../../../node_modules/@angular/common/fesm2022/http.mjs",
      "file": "@angular_common_http.js",
      "fileHash": "408002f6",
      "needsInterop": false
    },
    "@angular/core": {
      "src": "../../../../../../node_modules/@angular/core/fesm2022/core.mjs",
      "file": "@angular_core.js",
      "fileHash": "a9f7eb99",
      "needsInterop": false
    },
    "@angular/forms": {
      "src": "../../../../../../node_modules/@angular/forms/fesm2022/forms.mjs",
      "file": "@angular_forms.js",
      "fileHash": "c38e4041",
      "needsInterop": false
    },
    "@angular/platform-browser": {
      "src": "../../../../../../node_modules/@angular/platform-browser/fesm2022/platform-browser.mjs",
      "file": "@angular_platform-browser.js",
      "fileHash": "5c380b37",
      "needsInterop": false
    },
    "@angular/router": {
      "src": "../../../../../../node_modules/@angular/router/fesm2022/router.mjs",
      "file": "@angular_router.js",
      "fileHash": "22bbd8ac",
      "needsInterop": false
    }
  },
  "chunks": {
    "chunk-EQQ2EUQG": {
      "file": "chunk-EQQ2EUQG.js"
    },
    "chunk-SBJFXLLR": {
      "file": "chunk-SBJFXLLR.js"
    },
    "chunk-MV5Y7WP5": {
      "file": "chunk-MV5Y7WP5.js"
    },
    "chunk-ANE3HKAR": {
      "file": "chunk-ANE3HKAR.js"
    },
    "chunk-7TBAKADB": {
      "file": "chunk-7TBAKADB.js"
    }
  }
}